{

    "toggleEnabled": {
        "R": 15,
        "G": 180,
        "B": 85
    },
    "textForeground": {
        "R": 235,
        "G": 235,
        "B": 235
    },
    "imageForeground": {
        "R": 235,
        "G": 235,
        "B": 235
    },
    "sliderHighlight": {
        "R": 64,
        "G": 64,
        "B": 64
    },
    "notifTextForeground": {
        "R": 180,
        "G": 180,
        "B": 180
    },
    "clickEffect": {
        "R": 64,
        "G": 64,
        "B": 64
    },
    "mainBackground": {
        "R": 27,
        "G": 27,
        "B": 27
    },
    "topBackground": {
        "R": 34,
        "G": 34,
        "B": 34
    },
    "hoverEffect": {
        "R": 48,
        "G": 48,
        "B": 48
    },
    "panelItemBackground": {
        "R": 27,
        "G": 27,
        "B": 27
    },
    "panelBackground": {
        "R": 34,
        "G": 34,
        "B": 34
    },
    "notifTimeoutHighlight": {
        "R": 72,
        "G": 72,
        "B": 72
    }
}