{

    "toggleEnabled": {
        "R": 88,
        "G": 101,
        "B": 242
    },
    "textForeground": {
        "R": 220,
        "G": 221,
        "B": 222
    },
    "imageForeground": {
        "R": 185,
        "G": 187,
        "B": 190
    },
    "sliderHighlight": {
        "R": 88,
        "G": 101,
        "B": 242
    },
    "notifTextForeground": {
        "R": 185,
        "G": 187,
        "B": 190
    },
    "clickEffect": {
        "R": 57,
        "G": 60,
        "B": 67
    },
    "mainBackground": {
        "R": 47,
        "G": 49,
        "B": 54
    },
    "topBackground": {
        "R": 41,
        "G": 43,
        "B": 47
    },
    "hoverEffect": {
        "R": 52,
        "G": 55,
        "B": 60
    },
    "panelItemBackground": {
        "R": 47,
        "G": 49,
        "B": 54
    },
    "panelBackground": {
        "R": 54,
        "G": 57,
        "B": 63
    },
    "notifTimeoutHighlight": {
        "R": 88,
        "G": 101,
        "B": 242
    }
}