{

    "toggleEnabled": {
        "R": 250,
        "G": 30,
        "B": 78
    },
    "textForeground": {
        "R": 255,
        "G": 255,
        "B": 255
    },
    "imageForeground": {
        "R": 250,
        "G": 30,
        "B": 78
    },
    "sliderHighlight": {
        "R": 250,
        "G": 30,
        "B": 78
    },
    "notifTextForeground": {
        "R": 176,
        "G": 175,
        "B": 178
    },
    "clickEffect": {
        "R": 46,
        "G": 39,
        "B": 63
    },
    "mainBackground": {
        "R": 18,
        "G": 16,
        "B": 25
    },
    "topBackground": {
        "R": 9,
        "G": 8,
        "B": 13
    },
    "hoverEffect": {
        "R": 76,
        "G": 19,
        "B": 38
    },
    "panelItemBackground": {
        "R": 18,
        "G": 16,
        "B": 25
    },
    "panelBackground": {
        "R": 28,
        "G": 23,
        "B": 38
    },
    "notifTimeoutHighlight": {
        "R": 250,
        "G": 30,
        "B": 78
    }
}