{"combat_hitsound_sound":"skeet","combat_silentaim_instantkill":0,"visuals_fovsettings_transparency":0.609999999999999986677323704498,"visuals_camera_fovchanger":1,"Use Custom Name":1,"visuals_esp_names":1,"combat_knifemods_instantswing":0,"combat_scanning_customscanrate_value":50,"combat_gunmods_nogunbob":1,"combat_scanning_hitboxshifting":0,"combat_scanning_collatscan":0,"combat_silentaim":1,"visuals_camera_fov":120,"combat_gunmods_firerate":1,"visuals_selfchams_animation":"Scanning","combat_aimlock_dropprediction":0,"visuals_selfchams_color Transparency":1,"misc_movement_jumpvalue":0,"visuals_bullettracers_time":3,"visuals_world_ambiencecolor2":[1,1,1],"visuals_esp_namescolor":[0.33477556705474853515625,0.30232560634613037109375,1],"combat_gunmods_norecoil":0,"misc_main_chatspam":0,"visuals_espsettings_teamcolor":0,"combat_aimlock_hitbox":"Head","misc_main_killlogs":1,"misc_movement_nofalldamage":1,"misc_main_autodespawn":0,"misc_main_antifreeze":1,"combat_grenademods_nademode":"On Death","visuals_esp_tracerscolor":[1,1,1],"visuals_armchams_enable":1,"misc_antiaim_forcepitch":0,"misc_movement_speedvalue":4.65000000000000035527136788005,"misc_movement_bhopspeed":100,"visuals_camera_z":0,"visuals_esp_enable":1,"visuals_camera_showplayermodel":0,"visuals_esp_targetcolor":[1,0,0],"combat_hitboxexpander_size":1.69999999999999995559107901499,"Gradient":1,"Menu Background Color":[0.133720934391021728515625,0.10417793691158294677734375,0.10417793691158294677734375],"combat_knifemods_hitbox":"Head","combat_aimlock_triggerbot":0,"visuals_fovsettings_filled":0,"combat_knifemods_onstab":0,"visuals_camera_noviewbob":1,"combat_hitboxexpander_enable":0,"visuals_armchams_color":[0.004999999888241291046142578125,0.0049749999307096004486083984375,0.0049749999307096004486083984375],"visuals_camera_x":0,"misc_main_autodeploy":0,"combat_grenademods_grenadetp":1,"combat_scanning_fireposshifting":0,"visuals_gunchams_material":"ForceField","Menu Background Color Transparency":0,"combat_aimlock_fov":0,"visuals_esp_chamsinlinecolor":[0.91860449314117431640625,1,0],"visuals_esp_chams":0,"misc_movement_gravitymul":1,"misc_movement_superspeed":1,"visuals_esp_weapon":1,"combat_gunmods_instantaim":0,"combat_knifemods_knifeinhand":0,"misc_antiaim_lowerhands":0,"visuals_esp_chamsoutlinecolor":[0.971133053302764892578125,0.98255813121795654296875,0],"visuals_espsettings_showteammates":0,"combat_gunmods_removeonfireanimation":0,"combat_aimlock_movementprediction":0,"visuals_armchams_hidearms":0,"combat_gunmods_firerateadd":180,"visuals_espsettings_visibleonly":0,"Use Custom Watermark":1,"UI Toggle":"RightShift","combat_gunmods_instantequip":0,"combat_gunmods_nospread":1,"combat_gunmods_instantreload":1,"visuals_armchams_animation":"Scanning","visuals_espsettings_textfontsize":14,"misc_antiaim_tilthead":0,"combat_gunmods_nogunsway":1,"combat_knifemods_visiblecheck":0,"combat_scanning_resolver":0,"visuals_armchams_material":"SmoothPlastic","combat_silentaim_misspercentage_value":0,"visuals_espsettings_textfont":"System","Custom Name":"Riker 3","combat_scanning_fireposshifting_radius":10,"visuals_gunchams_color":[0,0.4069766998291015625,1],"combat_grenademods_autonade":0,"combat_silentaim_showfov":1,"combat_aimlock_overridehitbone":0,"Custom Backgrounds":0,"visuals_armchams_useanimation":0,"visuals_bulletimpacts_enable":0,"visuals_bulletimpacts_color Transparency":1,"visuals_bulletimpacts_time":3,"combat_scanning_hitboxshifting_radius":5,"misc_antiaim_spinspeed":0,"combat_knifemods_boomerang":0,"visuals_gunchams_color Transparency":0.776595744680851129970733381924,"visuals_fovsettings_numsides":128,"Custom Watermark":"Riker 3| {date} | {fps} FPS","visuals_esp_boxes":1,"misc_movement_removeslidecooldown":1,"visuals_esp_healthbar":1,"combat_knifemods_distance":25,"misc_antiaim_hideinfloor":0,"visuals_selfchams_selfchams":0,"visuals_espsettings_textcasing":"Normal","visuals_camera_y":0,"Menu Accent Color":[1,0.6279070377349853515625,0],"combat_aimlock_triggerbot_parts":{"Torso":false,"Left Leg":false,"Right Arm":false,"Head":false,"Right Leg":false,"Left Arm":false},"combat_hitboxexpander_hitboxes":{"Torso":true,"Left Leg":false,"Right Leg":false,"Left Arm":false,"Right Arm":false,"Head":false},"misc_movement_removejumprestriction":1,"combat_knifemods_knifeaura":0,"combat_gunmods_removefiresound":0,"combat_aimlock_showfov":0,"visuals_esp_healthtext":1,"visuals_bullettracers_color":[0.129799902439117431640625,0.42033994197845458984375,0.69767439365386962890625],"misc_antiaim_yaw":"Backwards","misc_antiaim_forceyaw":0,"Background":"Contour","combat_gunmods_noreload":1,"misc_antiaim_pitch":"Down","visuals_esp_healthbarcolor":[0.255814075469970703125,1,0],"combat_hitsound":0,"combat_aimlock_triggerbot_penetrationcheck":0,"Tile Size":700,"combat_silentaim_fovcolor":[1,0,0],"visuals_esp_tracers":1,"misc_antiaim_blockreplication":0,"misc_main_votemode":"Yes","misc_movement_superjump":0,"visuals_esp_distancecolor":[1,1,1],"Watermark":0,"visuals_esp_showtarget":1,"visuals_world_ambience":0,"misc_main_killsay":0,"visuals_esp_boxescolor":[0.80988371372222900390625,0.81224977970123291015625,0.813953459262847900390625],"combat_aimlock_overridehitbone_part":"Head","visuals_armchams_color Transparency":0.521276595744680770749823750521,"visuals_fovsettings_thickness":1,"visuals_bulletimpacts_color":[1,1,1],"visuals_bullettracers_color Transparency":1,"visuals_world_timechanger":1,"misc_main_killlogs_time":3,"visuals_bullettracers_enable":0,"misc_main_killsaymsg":"{user}, cattoware on top","visuals_esp_healthtextcolor":[1,1,1],"visuals_gunchams_enable":0,"visuals_camera_cameraoffset":0,"visuals_gunchams_useanimation":1,"misc_movement_flyspeed":50,"misc_antiaim_enable":0,"misc_main_autovote":0,"visuals_selfchams_color":[1,1,1],"combat_aimlock_visibleonly":0,"misc_movement_fly":0,"visuals_esp_distance":0,"combat_silentaim_hitbox":"Torso","combat_silentaim_fov":114,"visuals_gunchams_animation":"Scanning","visuals_world_saturationdensity":0,"misc_movement_bhopmode":"Velocity","visuals_world_time":13.990000000000000213162820728,"combat_silentaim_misspercentage":0,"misc_antiaim_forcestance":0,"combat_aimlock_fovcolor":[0.930232584476470947265625,0.01622499525547027587890625,0.01622499525547027587890625],"visuals_world_saturation":0,"misc_antiaim_stance":"Stand","visuals_esp_weaponcolor":[1,1,1],"combat_silentaim_autoshoot":0,"Show Notifications":1,"visuals_world_ambiencecolor1":[1,1,1],"visuals_world_saturationcolor":[1,1,1],"misc_movement_bhop":0,"combat_aimlock":0,"combat_scanning_advancedscanning":0,"combat_scanning_customscanrate":0,"misc_main_killlogs_color":[1,1,0]}