{"visuals_fovsettings_transparency":1,"visuals_camera_fovchanger":1,"combat_hitboxexpander_hitboxes":{"Torso":true,"Left Leg":false,"Right Leg":false,"Left Arm":false,"Right Arm":false,"Head":true},"Use Custom Name":1,"visuals_esp_names":1,"combat_knifemods_instantswing":1,"combat_scanning_customscanrate_value":0.100000000000000005551115123126,"combat_gunmods_nogunbob":1,"misc_movement_removeslidecooldown":1,"combat_settings_visibleonly":0,"combat_scanning_hitboxshifting":1,"misc_movement_jumpvalue":0,"visuals_esp_namescolor":[0.33477556705474853515625,0.30232560634613037109375,1],"visuals_bullettracers_time":3,"visuals_world_ambiencecolor2":[1,1,1],"visuals_camera_fov":120,"combat_gunmods_firerate":1,"misc_movement_nofalldamage":1,"misc_main_autodespawn":0,"misc_main_antifreeze":1,"combat_grenademods_nademode":"On Death","misc_antiaim_forcestance":1,"visuals_esp_tracerscolor":[1,1,1],"visuals_armchams_enable":0,"misc_main_votemode":"No","misc_movement_superjump":0,"misc_antiaim_forcepitch":0,"combat_gunmods_instantreload":1,"misc_movement_flybind":"E","combat_gunmods_norecoil":1,"misc_main_chatspam":1,"visuals_espsettings_teamcolor":0,"misc_main_killlogs":0,"visuals_camera_z":0,"visuals_esp_enable":1,"combat_hitboxexpander_size":5,"Gradient":1,"Menu Background Color":[0,0,0],"combat_knifemods_hitbox":"Head","combat_knifemods_onstab":1,"visuals_camera_noviewbob":1,"visuals_armchams_color":[1,1,1],"visuals_camera_x":0,"misc_main_autodeploy":0,"combat_grenademods_grenadetp":1,"combat_gunmods_firerateadd":100,"combat_randomization":0,"combat_scanning_fireposshifting":1,"combat_scanning_resolver":1,"combat_smoothing":0,"visuals_gunchams_color":[0.151162803173065185546875,0.496619760990142822265625,1],"combat_scanning_fireposshifting_radius":6.5,"visuals_esp_tracers":0,"visuals_esp_chams":0,"misc_movement_gravitymul":1.12000000000000010658141036402,"combat_settings_hitbox":"Head","misc_movement_superspeed":0,"visuals_esp_weapon":0,"combat_instantkill":1,"Menu Accent Color":[0.60000002384185791015625,0,1],"misc_antiaim_lowerhands":1,"visuals_esp_chamsoutlinecolor":[1,1,1],"visuals_espsettings_showteammates":0,"combat_enabled":1,"visuals_gunchams_color Transparency":1,"visuals_bullettracers_enable":0,"combat_aimbotmode":"Aimlock","UI Toggle":"RightShift","combat_gunmods_instantequip":1,"misc_main_killlogs_time":3,"misc_movement_bhop":1,"visuals_espsettings_visibleonly":0,"combat_gunmods_nospread":1,"combat_misspercentage":0,"visuals_armchams_animation":"Scanning","visuals_espsettings_textfontsize":14,"misc_antiaim_tilthead":1,"combat_gunmods_nogunsway":1,"combat_showfov":1,"combat_knifemods_visiblecheck":1,"visuals_fovsettings_filled":0,"visuals_armchams_material":"SmoothPlastic","visuals_espsettings_textfont":"System","combat_knifemods_knifeaura":1,"combat_grenademods_autonade":1,"visuals_camera_y":0,"visuals_gunchams_enable":1,"visuals_bulletimpacts_enable":0,"visuals_bulletimpacts_color Transparency":1,"visuals_bulletimpacts_time":3,"combat_scanning_hitboxshifting_radius":3,"misc_antiaim_spinspeed":360,"misc_antiaim_stance":"Stand","visuals_esp_boxes":1,"visuals_esp_healthbar":1,"misc_movement_bhopspeed":100,"misc_movement_speedvalue":0,"misc_antiaim_hideinfloor":0,"misc_movement_removejumprestriction":1,"combat_gunmods_removefiresound":1,"visuals_esp_healthtext":0,"visuals_bullettracers_color":[0.129799902439117431640625,0.42033994197845458984375,0.69767439365386962890625],"combat_gunmods_noreload":1,"visuals_esp_healthbarcolor":[0.4651165008544921875,0,1],"Tile Size":90,"visuals_world_ambiencecolor1":[1,1,1],"visuals_world_saturation":0,"misc_movement_bhopbind":"none","combat_fovcolor":[0.57013928890228271484375,0.62140309810638427734375,0.97093021869659423828125],"visuals_armchams_color Transparency":1,"visuals_world_ambience":0,"misc_antiaim_forceyaw":0,"misc_antiaim_pitch":"Down","Menu Background Color Transparency":0,"Watermark":1,"visuals_esp_boxescolor":[0.80988371372222900390625,0.81224977970123291015625,0.813953459262847900390625],"visuals_fovsettings_thickness":1,"visuals_bulletimpacts_color":[1,1,1],"visuals_bullettracers_color Transparency":1,"visuals_world_timechanger":0,"combat_knifemods_knifeinhand":1,"combat_gunmods_removeonfireanimation":1,"visuals_esp_distance":0,"combat_autofire":1,"combat_knifemods_distance":25,"visuals_gunchams_useanimation":0,"misc_antiaim_spin":1,"visuals_esp_healthtextcolor":[1,1,1],"visuals_gunchams_material":"ForceField","misc_main_killsay":0,"combat_hitboxexpander_enable":0,"combat_usemisspercentage":0,"misc_antiaim_yaw":"Backwards","Custom Name":"BovisHax","visuals_gunchams_animation":"Scanning","combat_knifemods_boomerang":1,"combat_fov":801,"visuals_camera_cameraoffset":0,"visuals_world_saturationdensity":0,"misc_movement_bhopmode":"Velocity","visuals_armchams_useanimation":0,"visuals_world_time":0,"visuals_esp_weaponcolor":[1,1,1],"Background":"Floral","misc_antiaim_enable":1,"misc_main_autovote":1,"misc_movement_fly":1,"visuals_fovsettings_numsides":128,"visuals_world_saturationcolor":[1,1,1],"visuals_esp_chamsinlinecolor":[0.800000011920928955078125,0.800000011920928955078125,0.800000011920928955078125],"misc_movement_flyspeed":50,"visuals_esp_distancecolor":[1,1,1],"misc_main_killsaymsg":"{user}, cattoware on top","combat_scanning_customscanrate":1,"misc_main_killlogs_color":[1,1,0],"combat_gunmods_instantaim":1,"visuals_espsettings_textcasing":"Normal"}