{"visuals_bulletimpacts_enable":0,"visuals_esp_distancecolor":[1,1,1],"visuals_camera_fovchanger":1,"combat_scanning_hitboxshifting_radius":5,"visuals_fovsettings_thickness":1,"misc_antiaim_pitch":"Down","visuals_bullettracers_color":[0.129799902439117431640625,0.42033994197845458984375,0.69767439365386962890625],"Background":"Floral","combat_aimbot_smoothing":0,"visuals_esp_enable":1,"Cheat Name":"wetware","visuals_camera_fov":120,"misc_movement_bhopmode":"Velocity","misc_main_votemode":"Yes","misc_movement_fly":0,"Gradient":0,"combat_silentaim_fov":800,"misc_antiaim_lowerhands":1,"combat_targetdelay":0,"visuals_esp_boxescolor":[0.80988371372222900390625,0.81224977970123291015625,0.813953459262847900390625],"misc_main_killlogs_color":[1,1,0],"combat_knifemods_distance":25,"visuals_esp_outofviewarrows":1,"visuals_camera_cameraoffset":0,"misc_antiaim_spin":0,"combat_scanning_resolver":1,"Custom Name":"cattoware","visuals_world_saturationdensity":0,"combat_gunmods_instantaim":1,"misc_antiaim_enable":1,"visuals_world_timechanger":0,"visuals_fovsettings_numsides":128,"combat_enabled":1,"misc_movement_removeslidecooldown":1,"combat_settings_visibleonly":0,"nil":205,"misc_movement_superspeed":0,"combat_knifemods_knifeinhand":0,"visuals_bullettracers_time":3,"combat_grenademods_autonade":1,"combat_fov":801,"misc_main_killsaymsg":"{user}, cattoware on top","Tile Size":90,"combat_randomization":0,"visuals_esp_healthbarcolor":[0.4651165008544921875,0,1],"Menu Accent Color":[0.60000002384185791015625,0,1],"combat_aimbot_randomization":0,"combat_hitboxexpander_size":1.25,"visuals_espsettings_textcasing":"Normal","combat_scanning_fireposshifting_radius":10,"misc_main_killlogs_time":3,"combat_gunmods_removefiresound":0,"visuals_espsettings_visibleonly":0,"visuals_camera_z":0,"misc_antiaim_hideinfloor":0,"combat_autofire":1,"combat_knifemods_hitbox":"Head","UI Toggle":"RightShift","visuals_esp_boxes":1,"misc_antiaim_tilthead":1,"combat_aimbot_fovcolor":[1,1,1],"visuals_espsettings_textfont":"System","misc_antiaim_spinspeed":0,"visuals_bulletimpacts_color Transparency":1,"visuals_gunchams_enable":1,"combat_settings_hitbox":"Head","visuals_gunchams_color":[0.151162803173065185546875,0.496619760990142822265625,1],"misc_antiaim_forcestance":0,"combat_silentaim_showfov":1,"combat_knifemods_knifeaura":1,"Custom Cheat Name":1,"visuals_gunchams_color Transparency":1,"combat_aimbot_fov":801,"misc_main_killlogs":1,"misc_main_killsay":0,"combat_gunmods_nogunsway":1,"misc_movement_bhop":1,"combat_knifemods_visiblecheck":0,"combat_gunmods_nogunbob":1,"misc_antiaim_yaw":"Backwards","visuals_esp_names":1,"combat_showfov":0,"visuals_armchams_color Transparency":1,"visuals_armchams_enable":0,"visuals_espsettings_textfontsize":14,"misc_main_chatspam":0,"visuals_esp_namescolor":[0.33477556705474853515625,0.30232560634613037109375,1],"misc_movement_flybind":"none","combat_smoothing":0,"combat_gunmods_nospread":1,"visuals_gunchams_rainbow":0,"misc_movement_flyspeed":50,"visuals_world_ambiencecolor1":[1,1,1],"Target Delay":0,"visuals_world_time":0,"visuals_armchams_material":"SmoothPlastic","combat_silentaim_ignorefov":1,"combat_gunmods_firerate":1,"combat_gunmods_removeonfireanimation":1,"misc_movement_bhopspeed":100,"combat_scanning_hitboxshifting":1,"combat_aimbotmode":"Silent","visuals_camera_y":0,"combat_aimbot_showfov":0,"combat_hitboxexpander_hitboxes":{"Right Leg":false,"Left Arm":false,"Torso":false,"Head":false,"Right Arm":false,"Left Leg":false},"visuals_fovsettings_transparency":1,"combat_hitboxexpander_enable":0,"combat_usemisspercentage":0,"combat_settings_bind":"none","visuals_espsettings_showteammates":0,"visuals_world_ambiencecolor2":[1,1,1],"visuals_world_saturation":0,"visuals_esp_weapon":0,"combat_settings_enable":1,"visuals_world_ambience":0,"misc_movement_gravitymul":1,"combat_knifemods_boomerang":0,"visuals_camera_noviewbob":1,"visuals_espsettings_teamcolor":0,"visuals_bullettracers_color Transparency":1,"combat_gunmods_noreload":1,"visuals_esp_weaponcolor":[1,1,1],"misc_movement_speedvalue":0,"visuals_gunchams_material":"ForceField","combat_gunmods_instantreload":1,"visuals_esp_healthtextcolor":[1,1,1],"combat_grenademods_grenadetp":1,"combat_aimbotbind":"none","Menu Background Color Transparency":0,"combat_scanning_customscanrate_value":0.149999999999999994448884876874,"visuals_armchams_color":[1,1,1],"combat_gunmods_firerateadd":100,"visuals_esp_distance":0,"misc_movement_jumpvalue":0,"visuals_esp_healthbar":1,"Use Custom Name":0,"misc_antiaim_forceyaw":0,"combat_knifemods_onstab":0,"misc_main_autodeploy":0,"combat_grenademods_nademode":"On Death","combat_fovcolor":[1,1,1],"misc_movement_removejumprestriction":1,"misc_movement_bhopbind":"none","visuals_bulletimpacts_color":[1,1,1],"Menu Background Color":[0,0,0],"visuals_esp_healthtext":0,"misc_antiaim_forcepitch":1,"misc_main_antifreeze":0,"combat_misspercentage":0,"combat_gunmods_instantequip":1,"combat_gunmods_norecoil":1,"combat_silentaim_autofire":1,"visuals_world_saturationcolor":[1,1,1],"combat_scanning_fireposshifting":1,"combat_scanning_customscanrate":1,"visuals_camera_x":0,"misc_antiaim_stance":"Stand","combat_knifemods_instantswing":0,"combat_silentaim_mode":"Normal","misc_movement_superjump":0,"misc_main_autodespawn":0,"Watermark":0,"misc_main_autovote":0,"visuals_esp_outofviewarrowscolor":[0.622093021869659423828125,0.6189825534820556640625,0.6189825534820556640625],"visuals_esp_tracerscolor":[1,1,1],"misc_antiaim_invis":1,"visuals_bulletimpacts_time":3,"visuals_esp_tracers":0,"misc_movement_nofalldamage":1,"visuals_fovsettings_filled":0,"combat_silentaim_fovcolor":[1,0,0],"visuals_bullettracers_enable":1}
