{"combat_hitsound_sound":"skeet","combat_silentaim_instantkill":1,"visuals_fovsettings_transparency":0.470000000000000028865798640254,"visuals_camera_fovchanger":1,"Use Custom Name":1,"visuals_esp_names":1,"combat_knifemods_instantswing":0,"combat_scanning_customscanrate_value":300,"combat_gunmods_nogunbob":1,"combat_scanning_hitboxshifting":1,"combat_scanning_collatscan":1,"combat_silentaim":1,"visuals_camera_fov":120,"combat_gunmods_firerate":0,"visuals_selfchams_animation":"Web","combat_aimlock_dropprediction":0,"visuals_selfchams_color Transparency":1,"misc_movement_jumpvalue":139.530000000000001136868377216,"visuals_bullettracers_time":3,"visuals_world_ambiencecolor2":[0,0.37209320068359375,1],"visuals_esp_namescolor":[1,1,1],"combat_gunmods_norecoil":1,"misc_main_chatspam":0,"visuals_espsettings_teamcolor":0,"combat_aimlock_hitbox":"Head","misc_main_killlogs":1,"misc_movement_nofalldamage":1,"misc_main_autodespawn":0,"misc_main_antifreeze":1,"combat_grenademods_nademode":"Always","visuals_esp_tracerscolor":[1,1,1],"visuals_armchams_enable":1,"misc_antiaim_forcepitch":1,"misc_movement_speedvalue":32.5600000000000022737367544323,"misc_movement_bhopspeed":100,"visuals_camera_z":1.80000000000000004440892098501,"visuals_esp_enable":1,"visuals_camera_showplayermodel":1,"visuals_esp_targetcolor":[1,0,0],"combat_hitboxexpander_size":5,"Gradient":1,"Menu Background Color":[0.1744185984134674072265625,0.17354650795459747314453125,0.17354650795459747314453125],"combat_knifemods_hitbox":"Random","combat_aimlock_triggerbot":1,"visuals_fovsettings_filled":0,"combat_knifemods_onstab":0,"visuals_camera_noviewbob":1,"combat_hitboxexpander_enable":1,"visuals_armchams_color":[1,1,1],"visuals_camera_x":0,"misc_main_autodeploy":0,"combat_grenademods_grenadetp":0,"combat_scanning_fireposshifting":1,"visuals_gunchams_material":"SmoothPlastic","Menu Background Color Transparency":0,"combat_aimlock_fov":76,"visuals_esp_chamsinlinecolor":[0.800000011920928955078125,0.800000011920928955078125,0.800000011920928955078125],"visuals_esp_chams":1,"misc_movement_gravitymul":0.5,"misc_movement_superspeed":1,"visuals_esp_weapon":1,"combat_gunmods_instantaim":1,"combat_knifemods_knifeinhand":0,"misc_antiaim_lowerhands":1,"visuals_esp_chamsoutlinecolor":[1,1,1],"visuals_espsettings_showteammates":0,"combat_gunmods_removeonfireanimation":1,"combat_aimlock_movementprediction":0,"visuals_armchams_hidearms":1,"combat_gunmods_firerateadd":360,"visuals_espsettings_visibleonly":0,"Use Custom Watermark":1,"UI Toggle":"RightShift","combat_gunmods_instantequip":1,"combat_gunmods_nospread":1,"combat_gunmods_instantreload":1,"visuals_armchams_animation":"Scanning","visuals_espsettings_textfontsize":15,"misc_antiaim_tilthead":1,"combat_gunmods_nogunsway":1,"combat_knifemods_visiblecheck":1,"combat_scanning_resolver":1,"visuals_armchams_material":"SmoothPlastic","combat_silentaim_misspercentage_value":0,"visuals_espsettings_textfont":"System","Custom Name":"cattoware-Private","combat_scanning_fireposshifting_radius":6.5,"visuals_gunchams_color":[1,1,1],"combat_grenademods_autonade":1,"combat_silentaim_showfov":1,"combat_aimlock_overridehitbone":0,"Custom Backgrounds":1,"visuals_armchams_useanimation":0,"visuals_bulletimpacts_enable":1,"visuals_bulletimpacts_color Transparency":1,"visuals_bulletimpacts_time":3,"combat_scanning_hitboxshifting_radius":3.5,"misc_antiaim_spinspeed":100,"combat_knifemods_boomerang":1,"Custom Watermark":"cattoware-Private {date} | {fps} FPS","visuals_fovsettings_numsides":128,"visuals_esp_boxes":1,"Show Notifications":1,"visuals_esp_healthbar":1,"combat_aimlock":0,"misc_antiaim_hideinfloor":1,"visuals_selfchams_selfchams":1,"combat_scanning_advancedscanning":1,"visuals_world_saturationcolor":[0.403866946697235107421875,0.1333152949810028076171875,0.674418628215789794921875],"visuals_world_ambiencecolor1":[0.534883022308349609375,0,1],"misc_movement_bhop":0,"combat_silentaim_autoshoot":1,"visuals_esp_weaponcolor":[1,1,1],"misc_movement_removejumprestriction":1,"combat_knifemods_distance":25,"combat_gunmods_removefiresound":1,"combat_aimlock_showfov":0,"visuals_esp_healthtext":1,"visuals_bullettracers_color":[1,1,1],"misc_antiaim_stance":"Crouch","visuals_world_saturation":0,"misc_antiaim_forcestance":1,"combat_aimlock_fovcolor":[1,1,1],"combat_gunmods_noreload":1,"visuals_esp_healthbarcolor":[0,1,0],"combat_aimlock_triggerbot_penetrationcheck":1,"combat_hitsound":1,"Tile Size":637,"combat_silentaim_fovcolor":[1,1,1],"combat_silentaim_misspercentage":0,"visuals_world_time":24,"misc_main_votemode":"No","misc_movement_superjump":0,"visuals_world_saturationdensity":-0.0100000000000000002081668171172,"Watermark":0,"visuals_esp_showtarget":1,"visuals_world_ambience":1,"misc_main_killsay":1,"visuals_esp_boxescolor":[1,1,1],"visuals_esp_distance":1,"visuals_fovsettings_thickness":1,"misc_movement_fly":1,"visuals_bulletimpacts_color":[1,1,1],"visuals_bullettracers_color Transparency":1,"visuals_world_timechanger":1,"combat_aimlock_visibleonly":0,"visuals_bullettracers_enable":1,"misc_main_autovote":1,"misc_antiaim_enable":1,"visuals_esp_healthtextcolor":[1,1,1],"misc_movement_flyspeed":100,"visuals_gunchams_useanimation":1,"visuals_camera_cameraoffset":1,"visuals_gunchams_enable":1,"misc_main_killsaymsg":"{user}, get the hack at tripex.tk","visuals_selfchams_color":[0,0.0232546329498291015625,1],"misc_main_killlogs_time":3,"visuals_armchams_color Transparency":1,"combat_aimlock_overridehitbone_part":"Head","combat_silentaim_hitbox":"Head","combat_silentaim_fov":763,"visuals_gunchams_animation":"Scanning","visuals_esp_distancecolor":[1,1,1],"misc_movement_bhopmode":"Velocity","misc_antiaim_blockreplication":0,"visuals_esp_tracers":1,"misc_antiaim_pitch":"Flicker","Background":"Circles","misc_antiaim_forceyaw":1,"misc_antiaim_yaw":"Spin","combat_knifemods_knifeaura":1,"combat_hitboxexpander_hitboxes":{"Torso":false,"Left Leg":false,"Right Arm":false,"Head":true,"Right Leg":false,"Left Arm":false},"combat_aimlock_triggerbot_parts":["Head","Torso"],"Menu Accent Color":[1,0.9069766998291015625,0],"visuals_camera_y":0,"visuals_espsettings_textcasing":"UPPER","misc_movement_removeslidecooldown":1,"combat_scanning_customscanrate":1,"misc_main_killlogs_color":[1,1,0],"visuals_gunchams_color Transparency":1}