{"wallbang":true,"sizemultiplier":20,"showhealthpercentages":true,"ignoreaimkey":false,"antiflashbang":true,"autoclaimchallenges":false,"triggerbot":false,"material":"ForceField","togglegui":"RightControl","fly":"E","nocamerashake":true,"enabled":true,"fovvisible":true,"aimkey":"MouseButton2","fovenabled":true,"showtracers":true,"configs":"","aimbotenabled":false,"custommaterial":true,"nogunbob":true,"customjumppower":true,"fakestance":true,"impactenabled":true,"fullbright":false,"customguncolour":true,"smoothness":1,"sprintspeed":98,"showdistances":true,"fovradius":800,"applyanyskin":"","jumppower":79,"alwaysheadshot":true,"hitchance":100,"stickygrenades":true,"impactcolour":{"h":1,"s":1,"v":1},"firerate":2500,"teleportgrenades":true,"noclip":true,"shownames":true,"antiafk":false,"textsize":20,"headshotchance":100,"themes":"","configname":"ddd","alwaysradarenemies":true,"hitboxesenabled":false,"xraytransparency":0.220000000000000001110223024625,"customsprintspeed":true,"nospread":true,"firerateenabled":true,"stance":"Prone","autoshoot":false,"silentaimenabled":true,"aimpart":"Abdomen","flyspeed":140,"knifeaurarange":20,"norecoil":true,"antismoke":true,"requireknifeequipped":false,"hitboxesvisible":true,"showhealthbars":true,"guncolour":{"h":1,"s":1,"v":1},"showteammates":false,"knifeauraenabled":true,"showboxes":true}